"ID";"Slug";"Nombre del Cultivo";"Descripción Tarjeta (Página Principal)";"Texto Encabezado (Detalle Cultivo)";"Requerimientos Nutricionales Destacados";"Clima Recomendado";"Sistema de Riego";"Tipo de Suelo y pH";"Proceso y Manejo de Cultivo";"Enfermedades y Plagas (Descripción y Solución)";"Nutrición Detallada";"Productos Recomendados Agrofert"
"1";"fresa";"Fresa";"Programa de nutrición intensiva para maximizar el calibre, color y grados Brix del fruto.";"Guía completa para el manejo nutricional y fitosanitario. Maximiza el calibre, color y grados Brix de tu producción.";"Calcio para firmeza y vida de anaquel ; Potasio para tamaño y dulzor ; Fósforo para desarrollo radicular continuo";"Templado (15°C - 20°C)";"Por goteo (Frecuente)";"Franco-arenoso / 5.5 - 6.5";"1. La fresa es un cultivo de alto rendimiento que exige un programa nutricional muy preciso. Al ser una planta de raíces superficiales, es altamente sensible al déficit o exceso de humedad, por lo que el riego por goteo es obligatorio para evitar pudriciones y lavar nutrientes.
2. Preparación del terreno: Se recomienda levantar camas altas (camellones) cubiertas con acolchado plástico (mulch) para controlar malezas, mantener la humedad y evitar que el fruto toque la tierra, reduciendo drásticamente la incidencia de hongos.";"• Botrytis (Moho Gris): Hongo que ataca las flores y pudre el fruto cubriéndolo de un polvo gris. Aparece por alta humedad. [Solución: Controlar riego, ventilación y aplicar fungicidas preventivos en pre-floración.]
• Arañita Roja: Plaga que se ubica en el envés de las hojas, tejiendo telarañas finas y secando la planta. [Solución: Aplicación de acaricidas específicos y mantener buena humedad foliar.]";"• Calcio (Ca): Fundamental para la firmeza del fruto y prolongar su vida de anaquel.
• Potasio (K): Responsable directo del aumento de tamaño y los azúcares (Grados Brix).
• Fósforo (P): Esencial en el inicio para asegurar un sistema radicular fuerte.";"Nitrato de Calcio ; Sulfato de Potasio ; Boro Soluble"
"2";"tomate";"Tomate";"Programa nutricional diseñado para mejorar el cuajado, llenado y calidad del fruto en cultivos de tomate.";"Programa nutricional especializado para maximizar el cuajado, desarrollo, firmeza y calidad del fruto durante todo el ciclo del cultivo.";"Nitrógeno para crecimiento equilibrado ; Calcio para firmeza y prevención de pudrición apical ; Potasio para llenado, color y calidad del fruto";"Templado (18°C - 27°C)";"Goteo";"Franco-arenoso, bien drenado / pH 5.5 - 6.8";"1. El tomate requiere suelos fértiles, bien drenados y ricos en materia orgánica. Un adecuado manejo del riego por goteo permite mantener una humedad constante, favoreciendo el desarrollo radicular y reduciendo la incidencia de enfermedades.
2. Durante las etapas de floración y llenado del fruto es indispensable mantener un equilibrio nutricional, especialmente de calcio y potasio, para obtener frutos uniformes, firmes y con excelente calidad comercial.";"• Tizón Tardío (Phytophthora infestans): Enfermedad causada por un hongo que provoca manchas oscuras en hojas, tallos y frutos, avanzando rápidamente en condiciones de alta humedad. [Solución: Realizar monitoreo constante, mejorar la ventilación del cultivo y aplicar fungicidas preventivos y curativos según el nivel de riesgo.]
• Pudrición Apical: Desorden fisiológico asociado principalmente a deficiencias de calcio y fluctuaciones en la humedad del suelo. [Solución: Mantener un riego uniforme y asegurar un adecuado suministro de calcio durante el desarrollo del fruto.]";"• Nitrógeno (N): Favorece el crecimiento vegetativo equilibrado durante las primeras etapas del cultivo.
• Calcio (Ca): Fundamental para obtener frutos firmes y prevenir la pudrición apical.
• Potasio (K): Mejora el llenado, color, firmeza y calidad final del fruto.";"Urea 46% ; Nitrato de Calcio ; Zinc Quelado"
"3";"papa";"Papa";"Programa de fertilización enfocado en maximizar el calibre, la uniformidad y la calidad del tubérculo.";"Programa nutricional especializado para maximizar la tuberización, uniformidad y calidad industrial de la cosecha.";"Fósforo crucial en la siembra ; Potasio esencial para el llenado y peso ; Nitrógeno balanceado para desarrollo foliar";"Frío (10°C - 20°C)";"Aspersión / Gravedad";"Franco-arenoso, profundo / 5.0 - 6.0";"1. La papa es un cultivo intensivo que requiere suelos sueltos y bien drenados para permitir la correcta expansión de los tubérculos. El manejo del agua es crítico: requiere humedad constante, pero el encharcamiento causa pudrición inmediata de la semilla o el cultivo.
2. El 'aporque' (amontonar tierra alrededor de la base de la planta) es una labor cultural indispensable. Protege los tubérculos de la luz solar (evitando que se pongan verdes y tóxicos), controla malezas y facilita la cosecha.";"• Gota o Tizón Tardío (Phytophthora infestans): El hongo más destructivo de la papa. Causa manchas necróticas en las hojas y pudrición en los tubérculos. Avanza rápido con lluvia y frío. [Solución: Monitoreo constante, uso de variedades resistentes y programas de fungicidas preventivos y curativos.]
• Polilla Guatemalteca: Las larvas perforan los tubérculos en el campo y en la bodega, dejando galerías llenas de excremento. [Solución: Aporque alto, control de humedad, uso de trampas de feromonas e insecticidas específicos.]";"• Fósforo (P): Imprescindible en el momento de la siembra para promover un enraizamiento fuerte y aumentar el número de tubérculos.
• Potasio (K): El macronutriente de mayor demanda. Define el tamaño, peso y calidad de fritura de la papa (materia seca).
• Nitrógeno (N): Necesario para el desarrollo del follaje, que actuará como 'panel solar' para llenar los tubérculos.";"DAP ; Sulfato de Potasio ; Urea 46%"
"4";"lulo";"Lulo";"Programa nutricional para favorecer un desarrollo vigoroso, alta floración y excelente calidad del fruto.";"Programa nutricional diseñado para favorecer un desarrollo vegetativo equilibrado, alta floración y producción constante de frutos de excelente calidad.";"Nitrógeno para crecimiento vegetativo ; Potasio para tamaño y calidad del fruto ; Calcio para firmeza y resistencia";"Templado (18°C - 24°C)";"Goteo / Microaspersión";"Franco a franco-arenoso / pH 5.5 - 6.5";"1. El lulo requiere suelos con excelente drenaje y alto contenido de materia orgánica. Es un cultivo sensible al exceso de humedad, por lo que el manejo adecuado del riego y el drenaje resulta fundamental para prevenir enfermedades radiculares.
2. La poda de formación y mantenimiento mejora la aireación de la planta, facilita las labores de manejo y favorece una mayor producción de frutos de buena calidad. Es recomendable realizar monitoreos frecuentes para detectar oportunamente plagas y enfermedades.";"• Antracnosis: Enfermedad causada por hongos que produce manchas oscuras en frutos, ramas y hojas, reduciendo la calidad comercial. [Solución: Realizar podas sanitarias, mejorar la ventilación del cultivo y aplicar fungicidas preventivos cuando las condiciones climáticas lo favorezcan.]
• Marchitez Vascular: Provocada por hongos del suelo que afectan el sistema vascular, ocasionando marchitez progresiva y muerte de la planta. [Solución: Utilizar suelos bien drenados, evitar encharcamientos y realizar rotación de cultivos.]";"• Nitrógeno (N): Favorece el desarrollo vegetativo y la formación de follaje vigoroso durante las primeras etapas.
• Potasio (K): Esencial para mejorar el llenado, tamaño, color y calidad de los frutos.
• Calcio (Ca): Fortalece la estructura celular y contribuye a obtener frutos más firmes y resistentes.";"Hidrafos 400 ; NPK Agrofert ; fcuaje Yan ; Nutrifos-k"
"5";"cana";"Caña de Azúcar";"Programa de fertilización orientado a maximizar el rendimiento y la acumulación de sacarosa.";"Programa nutricional orientado a maximizar el desarrollo vegetativo, el contenido de sacarosa y el rendimiento por hectárea.";"Nitrógeno para crecimiento inicial ; Potasio para transporte de azúcares ; Fósforo para desarrollo radicular";"Cálido (24°C - 32°C)";"Gravedad / Goteo";"Franco-arcilloso, profundo / pH 5.5 - 7.5";"1. La caña de azúcar requiere suelos profundos, fértiles y con buen drenaje para favorecer el desarrollo del sistema radicular. La preparación adecuada del terreno y una correcta fertilización inicial son determinantes para lograr un buen establecimiento del cultivo.
2. Durante el crecimiento es importante mantener un adecuado control de malezas y realizar monitoreos constantes para prevenir plagas y enfermedades que puedan disminuir el rendimiento y la acumulación de sacarosa.";"• Carbón de la Caña: Enfermedad causada por un hongo que produce estructuras negras en forma de látigo y reduce considerablemente la producción. [Solución: Utilizar semilla certificada, variedades resistentes y eliminar plantas afectadas.]
• Roya Parda: Produce manchas alargadas de color marrón en las hojas, disminuyendo la capacidad fotosintética. [Solución: Monitoreo permanente, variedades tolerantes y manejo oportuno mediante programas fitosanitarios.]";"• Nitrógeno (N): Favorece el crecimiento inicial y la formación de biomasa.
• Potasio (K): Contribuye al transporte de azúcares y mejora el rendimiento y la calidad del cultivo.
• Fósforo (P): Estimula el desarrollo radicular y mejora el establecimiento del cultivo.";"NPK Agrofert ; Nitro ; K-thion"